Original_GP,Canonical_GP
4 ITS BIRMINGHAM,ITS BIRMINGHAM
A AND B PRECAST,A AND B PRECAST
A AND B PRECAST MFG,A AND B PRECAST
A AND E ANODIZING,A AND E ANODIZING
A B METAL CASTERS,AB METAL CASTERS
A E ANODIZING,A AND E ANODIZING
A E BLAKE SALES,AE BLAKE SALES
A1 EVOLUTION,A1 EVOLUTION
A1 EVOLUTION INGLEBURN,A1 EVOLUTION
AB METAL CASTERS,AB METAL CASTERS
AB MOTALA VERKSTAD,MOTALA VERKSTAD
ABI DEETAG,ABI DEETAG
ACE SAW SERVICE,ACE SAW SERVICE
ACE SAW SERVICE BRAESIDE,ACE SAW SERVICE
ADVANCED FORMING RESEARCH,ADVANCED FORMING RESEARCH
ADVANCED FORMING RESEARCH NMIS,ADVANCED FORMING RESEARCH
AE BLAKE SALES,AE BLAKE SALES
AERO METALS,AEROMETALS
AEROMETALS,AEROMETALS
AEROSPHERES,AEROSPHERES
AEROSPHERES UK,AEROSPHERES
AGRASEN ENGINEERING INDUSTRIES,AGRASEN ENGINEERING INDUSTRIES
AGRASEN ENGINERING INDUSTRIES,AGRASEN ENGINEERING INDUSTRIES
AHORA 11294 AUTOMOCION CORNEJO CB,AUTOMOCION CORNEJO
ALLIANCE INDUSTRIES,ALLIANCE INDUSTRIES
ALLIANCE INDUSTRIES REMANUFACTURING,ALLIANCE INDUSTRIES
ALUMINIO DE BAJA CALIFORNIA,ALUMINIO DE BAJA CALIFORNIA
AMERICAN STRUCTURE AND DESIGN,AMERICAN STRUCTURE AND DESIGN
AMERICAN STRUCTURE DESIGN,AMERICAN STRUCTURE AND DESIGN
ANCHOR DANLY,ANCHOR DANLY
ANCHOR DANLY CAMBRIDGE,ANCHOR DANLY
ANCHOR FIRE PROTECTION,ANCHOR FIRE PROTECTION
ANCHORE FIRE PROTECTION,ANCHOR FIRE PROTECTION
ANSELMI AND C,ANSELMI AND C
ANSELMI C,ANSELMI AND C
ANSHAN FUSHIDA,ANSHAN FUSHIDA TRADING
ANSHAN FUSHIDA TRADING,ANSHAN FUSHIDA TRADING
AP PRECISION METALS,AP PRECISION METALS
APEX ANODIZING,APEX ANODIZING
APEX ANODIZING NEV,APEX ANODIZING
ARENTORPS LEGOINDUSTRI,ARENTORPS LEGOINDUSTRI
ARENTORPS LEGOINDUSTRI AB,ARENTORPS LEGOINDUSTRI
ATELIERS,ATELIERS
ATELIERS ROCHE,ATELIERS
ATELIERS TOFER,ATELIERS
ATI MATERIALS,ATI SPECIALTY MATERIALS
ATI SPECIALTY MATERIALS,ATI SPECIALTY MATERIALS
ATRION MEDICAL,ATRION MEDICAL
ATRION MEDICAL PRODUCTS,ATRION MEDICAL
AUSTIN PRECISION PRODUCTS,AUSTIN PRECISION PRODUCTS
AUSTIN PRECISION PRODUCTS APPI,AUSTIN PRECISION PRODUCTS
AUTO BOLT,THE AUTO BOLT
AUTODISTRIBUCIONES RUESCAS,AUTODISTRIBUCIONES RUESCAS
AUTODISTRIBUCIONES RUESCASSL,AUTODISTRIBUCIONES RUESCAS
AUTOMOCION CORNEJO,AUTOMOCION CORNEJO
B AND B MULTIFLUID DI BONISTALLI FABIO,B AND B MULTIFLUID DI BONISTALLI FABIO
B AND K POWDER COATING,D AND K POWDER COATING
B B AND H TOOL,BB AND H TOOL
B B MULTIFLUID DI BONISTALLI FABIO,B AND B MULTIFLUID DI BONISTALLI FABIO
BARRIE WELDING AND MACHINE,BARRIE WELDING AND MACHINE
BARRIE WELDING AND MACHINE 1974,BARRIE WELDING AND MACHINE
BASIN ELECTRIC POWER,BASIN ELECTRIC POWER
BASIN ELECTRIC POWER COOP,BASIN ELECTRIC POWER
BB AND H TOOL,BB AND H TOOL
BCN TRASVASES,BCN TRASVASES
BCN TRASVASES S L,BCN TRASVASES
BENNETT HEAT TREATING,BENNETT HEAT TREATING
BENNETT HEAT TREATING BRAZING,BENNETT HEAT TREATING
BENNETT TOOL AND DIE,BENNETT TOOL AND DIE
BENNETT TOOL AND DIE DBA AANDE,BENNETT TOOL AND DIE
BERG ENGINEERING AND SALES,BERG ENGINEERING AND SALES
BERG ENGINEERING SALES,BERG ENGINEERING AND SALES
BERTOLDO MECCANICA,BERTOLDO MECCANICA
BERTOLDO MECCANICA SNC,BERTOLDO MECCANICA
BETTER ENGINEERING,BETTER ENGINEERING MFG
BETTER ENGINEERING MFG,BETTER ENGINEERING MFG
BEVEGO BYGGPLAT AND VENTILATION,BEVEGO BYGGPLAT VENTILATION
BEVEGO BYGGPLAT VENTILATION,BEVEGO BYGGPLAT VENTILATION
BIRMINGHAM FASTENER,BIRMINGHAM FASTENER
BIRMINGHAM FASTENER AND SUPPLY,BIRMINGHAM FASTENER
BISON METAL TECHNOLOGIES,BISON METAL TECHNOLOGIES
BISON METALS TECHNOLOGIES,BISON METAL TECHNOLOGIES
BLACKHAWK INDUSTRIAL,BLACKHAWK INDUSTRIAL
BLACKHAWK INDUSTRIAL DE MEXICO,BLACKHAWK INDUSTRIAL
BLUESKY MAST,BLUESKY MAST
BLUESKY MAST INCH,BLUESKY MAST
BRADDOCK METALLURGICAL,BRADDOCK METALLURGICAL
BRADDOCK METALLURIGICAL,BRADDOCK METALLURGICAL
BRIGGS AND STRATTON,BRIGGS STRATTON
BRIGGS STRATTON,BRIGGS STRATTON
BURKERT CONTROMATIC,BURKERT CONTROMATIC
BURKET CONTROMATIC,BURKERT CONTROMATIC
BUTECH BLISS,BUTECH BLISS
BUTECH BLISS DR 6,BUTECH BLISS
C O LUBRIDUERO,LUBRIDUERO
C T B TRATTAMENTI TERMICI,TRATTAMENTI TERMICI
CANADA FORGINGS,CANADA FORGINGS
CANADA FORGINGS TRU CAN,CANADA FORGINGS
CANADIAN AUTOMATION AND TOOL,CANADIAN AUTOMATION AND TOOL
CANADIAN AUTOMATION AND TOOL INTERNATIONAL,CANADIAN AUTOMATION AND TOOL
CANADIAN BABBIT BEARINGS,CANADIAN BEARINGS
CANADIAN BEARINGS,CANADIAN BEARINGS
CANADIAN BEARINGS MISSISSAUGA,CANADIAN BEARINGS
CARLISLE,CARLISLE
CARLISLE IT,CARLISLE
CAROLINA PRECISION,CAROLINA PRECISION
CAROLINA PRECISION MFG,CAROLINA PRECISION
CAROLINE PRECISION MACHINING,CARPENTER
CASH ACCOUNT,CASH ACCOUNT
CASTOOL TOOLING SYSTEM,CASTOOL TOOLING SYSTEMS
CASTOOL TOOLING SYSTEMS,CASTOOL TOOLING SYSTEMS
CB IDEAL TAPWARE,CB IDEAL TAPWARE
CB IDEAL TAPWARE EDWARDSTOWN,CB IDEAL TAPWARE
CENTRAL TOOL ROOM AND TRAINING CENTRE,CENTRAL TOOL ROOM AND TRAINING CENTRE
CENTRAL TOOL ROOM AND TRAINING CENTRE MWI,CENTRAL TOOL ROOM AND TRAINING CENTRE
CENTRAL TOOL ROOM TRAINING CENTRE,CENTRAL TOOL ROOM AND TRAINING CENTRE
CENTRAL TOOL ROOM TRAINING CENTRE MW,CENTRAL TOOL ROOM AND TRAINING CENTRE
CERTA SZERSZAMKESZITO ES ALKATRESZGYARTO,CERTA SZERSZAMKESZITO ES ALKATRESZGYARTO
CERTA SZERSZAMKESZITO ES ALKATRESZGYARTO KFT,CERTA SZERSZAMKESZITO ES ALKATRESZGYARTO
CHANGZHOU YUNKE,CHANGZHOU YUNKE
CHANGZHOU YUNKE MACHINERY,CHANGZHOU YUNKE
CHEMETALL,CHEMETALL
CHEMETALL US,CHEMETALL
CHENG YAO INDUSTRIAL,CHENG YAO INDUSTRIAL
CHENG YAO INDUSTRIAL SHIPNO 3 1,CHENG YAO INDUSTRIAL
CHRIS REEVE KNIVES,CHRIS REEVE KNIVES
CHRIS REEVES KNIVES,CHRIS REEVE KNIVES
CLA VAL,CLA VAL
CLA VAL CM,CLA VAL
CLARK DIETRICH,CLARK DIETRICH
CLARKDIETRICH,CLARK DIETRICH
CLASS HEAT TREATMENT AND ENGINEERING,CLASS HEAT TREATMENT ENGINEERING
CLASS HEAT TREATMENT ENGINEERING,CLASS HEAT TREATMENT ENGINEERING
COLOMBO GIUSEPPE DI CARLO AND FIGLI,COLOMBO GIUSEPPE DI CARLO FIGLI
COLOMBO GIUSEPPE DI CARLO FIGLI,COLOMBO GIUSEPPE DI CARLO FIGLI
COMMERCIAL OIL,COMMERCIAL OIL
COMMERCIAL OIL OF HAMILTON,COMMERCIAL OIL
CSEPELI SZERSZAMEDZO,CSEPELI SZERSZAMEDZO
CSEPELI SZERSZAMEDZO KFT,CSEPELI SZERSZAMEDZO
CUTTING EDGE TOOLS,CUTTING EDGE TOOLS
D AND F SCREW,D AND F SCREW
D AND F SCREW MACHINE,D AND F SCREW
D AND K POWDER COATING,D AND K POWDER COATING
D K POWDER COATING,D AND K POWDER COATING
DAMIEN GRAVE,DAMIEN GRAVE
DAMIEN GRAVE FOC,DAMIEN GRAVE
DANIELI,DANIELI GROUP
DANIELI GROUP,DANIELI GROUP
DAWSON PRECISION COMPONENTS,PRECISION COMPONENTS INT
DEAN S ANODIZING,DEANS ANODIZING
DEANS ANODIZING,DEANS ANODIZING
DEETAG,ABI DEETAG
DEPENDABLE STAMPING,DEPENDABLE STAMPING
DEPNDABLE STAMPING,DEPENDABLE STAMPING
DIE MOND MACHINE AND TOOL,DIEMOND MACHINE AND TOOL
DIEMOND MACHINE AND TOOL,DIEMOND MACHINE AND TOOL
DINGTAI SUPER ALLOY ALUMINUM,DINGTAI SUPER ALLOY ALUMINUM
DINGTAI SUPER ALLOY ALUMINUM SHIP,DINGTAI SUPER ALLOY ALUMINUM
DINKI DI ENGINEERING,DINKI DI ENGINEERING
DINKI DI ENGINEERING LONSDALE,DINKI DI ENGINEERING
DN METALURGICA,METALURGICA
DUBOIS CHEMICAL,DUBOIS CHEMICAL
DUBOIS CHEMICALS,DUBOIS CHEMICAL
DUPLI SYSTEMS,DUPLI SYSTEMS
DUPLISYSTEMS,DUPLI SYSTEMS
DYNAMIC FITNESS AND STRENGTH,DYNAMIC FITNESS AND STRENGTH
DYNAMIC FITNESS STRENGTH,DYNAMIC FITNESS AND STRENGTH
EDGE CUTTING TOOLS,CUTTING EDGE TOOLS
EDWARDS LIFE SCIENCES,EDWARDS LIFE SCIENCES
EDWARDS LIFESCIECE,EDWARDS LIFE SCIENCES
EDWARDS LIFESCIENCE,EDWARDS LIFE SCIENCES
EGIDE,EGIDE
EGIDE USA,EGIDE
ELECTROPOLL,ELETROPOLL
ELETROPOLL,ELETROPOLL
ELGIN FASTENERS,ELGIN FASTENERS
ELGIN FASTENERS BEREA TFI,ELGIN FASTENERS
ELGIN FASTENERS GROUP,ELGIN FASTENERS
ENGINEERED MATERIAL SOLUTIONS,ENGINEERED MATERIAL SOLUTIONS
ENGINEERED MATERIALS SOLUTIONS,ENGINEERED MATERIAL SOLUTIONS
ENTEC STRACON,ENTEC STRACON
ENTECSTRACON,ENTEC STRACON
ENTEGRIS,ENTEGRIS
ENTEGRIS KOREA,ENTEGRIS
EPIC METALS,EPIC METALS
EPIC METALS FL,EPIC METALS
EPP EURO PRESS PACK,EURO PRESS PACK
EQUIPEMENTS INDUSTRIELS,EQUIPEMENTS INDUSTRIELS
EQUIPEMENTS INDUSTRIELS IBS,EQUIPEMENTS INDUSTRIELS
EURO CASH ACCOUNT,CASH ACCOUNT
EURO PRESS PACK,EURO PRESS PACK
EXXON MOBIL,EXXON MOBIL
EXXONMOBIL,EXXON MOBIL
F I S FABBRICA ITALIANA SINTETICI,FIS FABBRICA ITALIANA SINTETICI
FAIRBANKS MORSE,FAIRBANKS MORSE
FAIRBANKS MORSE ENGINE,FAIRBANKS MORSE
FAR,FAR
FAR 2,FAR
FIRST METALS AND PLASTICS,FIRST METALS AND PLASTICS
FIRST METALS AND PLASTICS TECH,FIRST METALS AND PLASTICS
FIS FABBRICA ITALIANA SINTETICI,FIS FABBRICA ITALIANA SINTETICI
FLAME COATINGS,FLAME COATINGS
FLAME COATINGS INGLEBURN,FLAME COATINGS
FLEX MASTER,FLEX MASTER
FLEXMASTER,FLEX MASTER
FOCKE AND,HH FOCKE AND KG
FORMULA INDUSTRIES,FORMULA INDUSTRIES
FORMULA INDUSTRIES BANGKOK,FORMULA INDUSTRIES
FOSHAN HUAXIN,FOSHAN HUAXIN
FOSHAN HUAXIN SHIP MW,FOSHAN HUAXIN
FOUR STATE INDUSTRIAL,FOUR STATE INDUSTRIAL
FOUR STATE INDUSTRIAL SUPPLY,FOUR STATE INDUSTRIAL
FUJIAN TIANFU,FUJIAN TIANFU CHEMICAL
FUJIAN TIANFU CHEMICAL,FUJIAN TIANFU CHEMICAL
FUNDICIONES Y MATRICERIA,FUNDICIONES Y MATRICERIA
FUYMA FUNDICIONES Y MATRICERIA,FUNDICIONES Y MATRICERIA
G R TRATTAMENTI TERMICI,TRATTAMENTI TERMICI
GADSDEN TOOL,GADSDEN TOOL
GADSEN TOOL,GADSDEN TOOL
GARDNER DENVER,GARDNER DENVER
GARDNER DENVER NASH,GARDNER DENVER
GEORGIA PACIFIC,GEORGIA PACIFIC
GEORGIAPACIFIC,GEORGIA PACIFIC
GHI HORNOS INDUSTRIALES SL,GHI HORNOS INDUSTRIALES SL
GHI HORNOS INDUSTRIALESSL,GHI HORNOS INDUSTRIALES SL
GLOBAL PCCI,GLOBAL PCCI
GLOBAL PCCI DBA GPC,GLOBAL PCCI
GOLDEN GATE,GOLDEN GATE
GOLDEN GATE TRAILERS,GOLDEN GATE
GRACO SUPPLY AND INTEGRATED SERV,GRACO SUPPLY AND INTEGRATED SERV
GRACO SUPPLY AND INTEGRATED SERV S0,GRACO SUPPLY AND INTEGRATED SERV
GRAHAM MACHINE SALES AND SERVICES,GRAHAM MACHINELES AND SERVICES
GRAHAM MACHINELES AND SERVICES,GRAHAM MACHINELES AND SERVICES
GUANGZHOU SAINTSUN ZHONGJIAN,GUANGZHOU SAINTSUN ZHONGJIAN
GUANGZHOU SAINTSUN ZHONGJIAN2,GUANGZHOU SAINTSUN ZHONGJIAN
H AND H MACHINE,H AND H MACHINE
H AND H MACHINE RAVENNA,H AND H MACHINE
H AND H MACHINE SHOP OF RAVENNA,H AND H MACHINE
HAMILTON CASTER,HAMILTON CASTER
HAMILTON CASTER SOUTH DOCK,HAMILTON CASTER
HARMONY PRODUCTS,HARMONY PRODUCTS
HARMONY SECURITY PRODUCTS,HARMONY PRODUCTS
HARRIS MANUFACTURING,HARRIS MANUFACTURING SOLUTIONS
HARRIS MANUFACTURING SOLUTIONS,HARRIS MANUFACTURING SOLUTIONS
HARRY MAJOR MACHINE,HARRY MAJOR MACHINE
HART AND COOLEY,HART AND COOLEY
HART COOLEY,HART AND COOLEY
HEBEI BOJIAN,HEBEI BOJIAN
HEBEI BOJIAN METAL,HEBEI BOJIAN
HELMUT LINGEMANN,HELMUT LINGEMANN
HH FOCKE AND KG,HH FOCKE AND KG
HILL CASTING EQUIPMENT AND SUPPLY,HILL CASTING EQUIPMENT SUPPLY
HILL CASTING EQUIPMENT SUPPLY,HILL CASTING EQUIPMENT SUPPLY
HINDUSTAN PENCILS,HINDUSTAN PENCILS
HINDUSTAN PENCILS PRIVATE MWA,HINDUSTAN PENCILS
HORSBURGH AND SCOTT,HORSBURGH AND SCOTT
HORSBURGH AND SCOTT SERVICE,HORSBURGH AND SCOTT
HOYA HILL OPTICS,HOYA OPTICS
HOYA OPTICS,HOYA OPTICS
HYDRALID,HYDRALID AB
HYDRALID AB,HYDRALID AB
I AND M MACHINE AND FABRICATION,I AND M MACHINE AND FABRICATION
I M MACHINE AND FABRICATION,I AND M MACHINE AND FABRICATION
I M P IND METALLI PRESSOFUSI,IMP IND METALLI PRESSOFUSI
ILLINOIS TOOL WORKS,ILLINOIS TOOL WORKS
ILLINOIS TOOL WORKS ITW,ILLINOIS TOOL WORKS
IMP IND METALLI PRESSOFUSI,IMP IND METALLI PRESSOFUSI
IMR ENGINEERING AND TECHNOLOGIES,IMR ENGINEERING AND TECHNOLOGIES
IMR ENGINEERING TECHNOLOGIES,IMR ENGINEERING AND TECHNOLOGIES
INDORAMA VENTURES,INDORAMA VENTURES
INDORAMA VENTURES ITALIAN VAT,INDORAMA VENTURES
INDUSTRIAL CHEMICALS,INDUSTRIAL CHEMICALS
INDUSTRIAL CHEMICALS SEE832835,INDUSTRIAL CHEMICALS
INDUSTRIAL METAL PLATING,INDUSTRIAL METAL PLATING
INDUSTRIAL METAL PLATING SERV,INDUSTRIAL METAL PLATING
INDUSTRIAL SUPPLY,INDUSTRIAL TOOLING AND SUPPLY
INDUSTRIAL TOOLING AND SUPPLY,INDUSTRIAL TOOLING AND SUPPLY
INFINITY MACHINE AND ENGINEERING,INFINITY MACHINE ENGINEERING
INFINITY MACHINE ENGINEERING,INFINITY MACHINE ENGINEERING
INGERSOLL,INGERSOLL RAND
INGERSOLL RAND,INGERSOLL RAND
INNER MONGOLIA TAILONG,INNER MONGOLIA TAILONG
INNER MONGOLIA TAILONG PIPE,INNER MONGOLIA TAILONG
INTEC,SFS INTEC
INTERMATIC JUAREZ DE RL DE CV,INTERMATIC JUAREZ DE RL DE CV
INTERMATIC JUAREZ S DE RL CV,INTERMATIC JUAREZ DE RL DE CV
INTEX TOOLING TECHNOLOGIES,Tooling Tech Group
ISHIKAWA KOSAN,ISHIKAWA KOSAN
ISHIKAWA KOUSAN,ISHIKAWA KOSAN
ITS BIRMINGHAM,ITS BIRMINGHAM
IWIS DRIVE SYSTEM,IWIS DRIVE SYSTEMS
IWIS DRIVE SYSTEMS,IWIS DRIVE SYSTEMS
IZAR CUTTING TOOLS,IZAR CUTTING TOOLS
IZAR CUTTING TOOLS CONSIGNA,IZAR CUTTING TOOLS
J AND C TOOL AND DIE,J AND C TOOL AND DIE
J AND J MEDICAL EQUIPMENT SERVICE,J J MEDICAL EQUIPMENT SERVICE
J C TOOL AND DIE CC,J AND C TOOL AND DIE
J H BENNETT,J H BENNETT
J H BENNETT AND,J H BENNETT
J J MEDICAL EQUIPMENT SERVICE,J J MEDICAL EQUIPMENT SERVICE
JAMES A MURPHY AND SON,JAMES A MURPHY SON
JAMES A MURPHY SON,JAMES A MURPHY SON
JANHVI ENTERPRISES,JANHVI ENTERPRISES
JANHVI ENTERPRISES MWA,JANHVI ENTERPRISES
JIANGXI COPPER,JIANGXI COPPER GROUP
JIANGXI COPPER GROUP,JIANGXI COPPER GROUP
JOHNS MANVILLE,JOHNS MANVILLE
JOHNS MANVILLE EDI ONLY,JOHNS MANVILLE
JOHNSON CONTROLS,JOHNSON CONTROLS
JOHNSON CONTROLS ALBANY,JOHNSON CONTROLS
K AND N ENGINEERING,K N ENGINEERING
K N ENGINEERING,K N ENGINEERING
K P KOMPONENTER,K P KOMPONENTER
KANTO BUSAN,KANTO BUSSAN
KANTO BUSSAN,KANTO BUSSAN
KANTO BUSSAN FUKUOKA,KANTO BUSSAN
KDT FABRICATIONS,KDT FABRICATIONS
KDT FABRICATIONS CLEVELAND,KDT FABRICATIONS
KILBANK METAL FORMING,KILBANK METAL FORMING AND TURNING
KILBANK METAL FORMING AND TURNING,KILBANK METAL FORMING AND TURNING
KLINGELNBERG,KLINGELNBERG
KLINGELNBERG AMERICA,KLINGELNBERG
KNORR BREMSE,KNORR BREMSE
KNORR BREMSE S A,KNORR BREMSE
KOVLAR PRECISION MANUFACTURING,PRECISION MANUFACTURING
KP KOMPONENTER,K P KOMPONENTER
KVARNSTRANDS,KVARNSTRANDS
KVARNSTRANDS VERKTYG,KVARNSTRANDS
L AND M TOOL,L AND M TOOL
L AND M TOOL SUPPLY,L AND M TOOL
L AND W ENGINEERING,L W ENGINEERING
L W ENGINEERING,L W ENGINEERING
LARSON TOOL AND STAMPING,LARSON TOOL AND STAMPING
LARSON TOOL STAMPING,LARSON TOOL AND STAMPING
LEMVIGH MULLER,LEMVIGH MULLER
LEMVIGHMULLER,LEMVIGH MULLER
LEROY SOMER,LEROY SOMER
LINCOLN ELECTRIC,LINCOLN ELECTRIC
LINCOLN ELECTRIC VENDI,LINCOLN ELECTRIC
LINCOLN MANUFACTURING,LINCOLN MANUFACTURING
LINCOLN MANUFACTURING OF OHIO,LINCOLN MANUFACTURING
LINDAB,LINDAB
LINDAB AS,LINDAB
LINGEMANN,HELMUT LINGEMANN
LIU YAO INDUSTRIAL,LIU YAO INDUSTRIAL
LIU YAO INDUSTRIAL SHIPNO67,LIU YAO INDUSTRIAL
LM LEMVIGHMULLER,LEMVIGH MULLER
LMT FINANCE AND SHARED SERVICES,LMT FINANCE AND SHARED SERVICES
LMT SHARED SERVICES,LMT FINANCE AND SHARED SERVICES
LOMBARDI GIULIO,LOMBARDI GIULIO
LOMBARDI GIULIO SNC,LOMBARDI GIULIO
LS STARRETT,LS STARRETT
LSI SUPPLY,LSI SUPPLY
LSI SUPPLY CHATHAM,LSI SUPPLY
LSI SUPPLY LONDON,LSI SUPPLY
LSI SUPPLY WINDSOR,LSI SUPPLY
LUBRICANTS UK,LUBRICANTS UK LTDKERNOW
LUBRICANTS UK LTDKERNOW,LUBRICANTS UK LTDKERNOW
LUBRICATION SERVICE AND SYSTEM,LUBRICATION SERVICE SYSTEM
LUBRICATION SERVICE SYSTEM,LUBRICATION SERVICE SYSTEM
LUBRICO,LUBRICO PTE
LUBRICO PTE,LUBRICO PTE
LUBRIDUERO,LUBRIDUERO
LUCCHINI,LUCCHINI RS
LUCCHINI RS,LUCCHINI RS
LUOYANG GUOTAI,LUOYANG GUOTAI
LUOYANG GUOTAI PRECISION,LUOYANG GUOTAI
LUOYANG XINQIANGLIAN,LUOYANG XINQIANGLIAN
LWM PRECISION MACHINING,LWM PRECISION MACHINING
LWM PRECISION MACHINING AND MFG,LWM PRECISION MACHINING
MABEY HIRE,MABEY HIRE
MABEY HIRE PENRITH,MABEY HIRE
MACLEAN POWER SYSTEMS,MACLEAN POWER SYSTEMS
MACLEAN POWER SYSTEMS ALBSTR DIV,MACLEAN POWER SYSTEMS
MAJOR MACHINE,HARRY MAJOR MACHINE
MANUFACTURING SERVICES,RJC MANUFACTURING SERVICES
MAPAL,PT MAPAL
MARVIN,WB MARVIN
MARWOOD METAL FABRICATION,MARWOOD METAL FABRICATION
MARWOOD METAL FABRICATION PLANT 1,MARWOOD METAL FABRICATION
MARWOOD METAL FABRICATION PLANT 2,MARWOOD METAL FABRICATION
MARWOOD METAL FABRICATION PLANT 5,MARWOOD METAL FABRICATION
MASTER PRODUCTS,THE MASTER PRODUCTS
MASTERGRIND EDM,MASTERGRIND EDM
MASTERGRIND EDM II,MASTERGRIND EDM
MATERIAL SERVICES,MATERIAL SERVICES WELSHPOOL
MATERIAL SERVICES WELSHPOOL,MATERIAL SERVICES WELSHPOOL
MATTHEWS LUBRICANTS,MATTHEWS LUBRICANTS
MATTHEWS LUBRICANTS CLK WAREH,MATTHEWS LUBRICANTS
MATTHEWS LUBRICANTS SIS,MATTHEWS LUBRICANTS
MCKECHNIE IRON FOUNDRY,MCKECHNIE IRON FOUNDRY
MCKENCHIE IRON FOUNDRY,MCKECHNIE IRON FOUNDRY
MECANIZADOS TER,MECANIZADOS TER
MECANIZADOS TER SL,MECANIZADOS TER
MEIJI,MEIJI
MEIJI UK,MEIJI
METAL CUTTING TECHNOLOGY,METAL CUTTING TECHNOLOGY
METAL CUTTING TECHNOLOGY P L,METAL CUTTING TECHNOLOGY
METAL TECHNOLOGIES,RENEWED METAL TECHNOLOGIES
METALLURGICAL SERVICES,METALLURGICAL SERVICES
METALURGICA,METALURGICA
METHODS MACHINE TOOLS,METHODS MACHINE TOOLS
METHODS MACHINE TOOLS FESTO,METHODS MACHINE TOOLS
MICHAEL HARRIS,MR MICHAEL HARRIS
MICRO SWISS,MICRO SWISS
MICROSWISS,MICRO SWISS
MID STATE MACHINE,MID STATE MACHINE
MID STATE MACHINE PUMP,MID STATE MACHINE
MID VALLEY GRINDING,MID VALLEY GRINDING
MIDANDS TOOLING SYSTEMS,MIDLANDS TOOLING SYSTEMS
MIDLANDS TOOLING SYSTEMS,MIDLANDS TOOLING SYSTEMS
MIDVALLEY GRINDING,MID VALLEY GRINDING
MIDWEST METAL,MIDWEST METAL
MIDWEST METAL COATINGS,MIDWEST METAL
MILLENIUM MACHINERY,MILLENIUM MACHINERY
MILLENNIUM MACHINERY,MILLENIUM MACHINERY
MILLSON GRAPHITE,MILLSON GRAPHITE
MILLSON GRAPHITE INDUSTRIES,MILLSON GRAPHITE
MIYAZAKI,MIYAZAKI PAINT
MIYAZAKI PAINT,MIYAZAKI PAINT
MONROE CUSTOM,MONROE CUSTOM
MONROE CUSTOM BODIES,MONROE CUSTOM
MOTALA VERKSTAD,MOTALA VERKSTAD
MOTEURS LEROY SOMER,LEROY SOMER
MOUNTAIN TOP,MOUNTAIN TOP
MOUNTAIN TOP USA,MOUNTAIN TOP
MR MICHAEL HARRIS,MR MICHAEL HARRIS
MYERS PRECISION GRINDING,MYERS PRECISION GRINDING
N P GRINDING,N P GRINDING
NATRAJ IRON AND CASTINGS,NATRAJ IRON AND CASTINGS
NATRAJ IRON AND CASTINGS MWI,NATRAJ IRON AND CASTINGS
NEW FEPA,NEW FEPA
NEW FEPA SLL,NEW FEPA
NICHIBEI,NICHIBEI
NICHIBEI CHUBU,NICHIBEI
NISSEI,NISSEI ASB
NISSEI ASB,NISSEI ASB
NORDSON,NORDSON XALOY
NORDSON XALOY,NORDSON XALOY
NORTH AMERICAN STAINLESS,NORTH AMERICAN STAINLESS
NORTH AMERICAN STAINLESS KY QADV,NORTH AMERICAN STAINLESS
NORTHERN WINGS,NORTHERN WINGS
NORTHERN WINGS REPAIR,NORTHERN WINGS
NP GRINDING,N P GRINDING
NU ALUMINIO DE BAJA CALIFORNIA MONFERR,ALUMINIO DE BAJA CALIFORNIA
O RI DI ALTINI ANNAMARIA E C,ORI DI ALTINI ANNAMARIA E C
OAK ENGINEERING,OAK ENGINEERING
OAK ENGINEERING CC,OAK ENGINEERING
OGX INDUSTRIAL SUPPLIES,OGX INDUSTRIAL SUPPLIES SDN BHD
OGX INDUSTRIAL SUPPLIES SDN BHD,OGX INDUSTRIAL SUPPLIES SDN BHD
OHIO METALLURGICAL SERVICES,METALLURGICAL SERVICES
OHIO TOOL WORKS,OHIO TOOL WORKS
OHIO TOOL WORKS ASHLAND,OHIO TOOL WORKS
ORI DI ALTINI ANNAMARIA E C,ORI DI ALTINI ANNAMARIA E C
PANGUANETA,PANGUANETA S P A
PANGUANETA S P A,PANGUANETA S P A
PART SOURCE,PART SOURCE
PARTSOURCE,PART SOURCE
PARTSSOURCE,PART SOURCE
PATRIOT,PATRIOT
PATRIOT 3,PATRIOT
PEAK ANALYSIS AND AUTOMATION,PEAK ANALYSIS AUTOMATION
PEAK ANALYSIS AUTOMATION,PEAK ANALYSIS AUTOMATION
PENINSULA SAWS WARRIEWOOD,PENINSULA SAWS WARRIEWOOD
PENINSULA WARRIEWOOD,PENINSULA SAWS WARRIEWOOD
PENN MACHINE,PENN MACHINE
PENN MACHINE JOHNSTOWN,PENN MACHINE
PENTAIR,PENTAIR PLC
PENTAIR FLOW TECHNOLOGIES,PENTAIR FLOW TECHNOLOGIES
PENTAIR FLOW TECHNOLOGIES BLACKHAWK,PENTAIR FLOW TECHNOLOGIES
PENTAIR WATER,PENTAIR PLC
PETROCHOICE,PETROCHOICE
PETROCHOICE GASTONIA,PETROCHOICE
PETROLIANCE,PETROLIANCE
PETROLIANCE APEX,PETROLIANCE
PETROLIANCE MIAMI,PETROLIANCE
PHOENIX STAMPING,PHOENIX STAMPING GROUP
PHOENIX STAMPING GROUP,PHOENIX STAMPING GROUP
PIEDRA S MACHINE,PIEDRAS MACHINE
PIEDRAS MACHINE,PIEDRAS MACHINE
PK JEPPESEN AND SON A S,PK JEPPESEN AND SON A S
PK JEPPESEN AND SON AS,PK JEPPESEN AND SON A S
PLANET LIGHTING,PLANET LIGHTING
PLANET LIGHTING BELLINGEN,PLANET LIGHTING
POLITRANS RUTA 40,POLITRANS RUTA 40
POLITRANS RUTA 40 S L U,POLITRANS RUTA 40
POWDERKEG COATING AND BLASTING,POWDERKEG COATING BLASTING
POWDERKEG COATING BLASTING,POWDERKEG COATING BLASTING
PRECISION COMPONENTS,PRECISION COMPONENTS INT
PRECISION GEAR,PRECISION GEARS
PRECISION GEARS,PRECISION GEARS
PRECISION GRIDING,MYERS PRECISION GRINDING
PRECISION GRINDING,MYERS PRECISION GRINDING
PRECISION MACHINING,CARPENTER
PRECISION MANUFACTURING,PRECISION MANUFACTURING
PRECISION METALS,AP PRECISION METALS
PRECISION SCALE AND BALANCE,PRECISION SCALE BALANCE
PRECISION SCALE BALANCE,PRECISION SCALE BALANCE
PRECISION WIRE PRODUCTS,PRECISION WIRE PRODUCTS
PRECSION WIRE PRODUCTS,PRECISION WIRE PRODUCTS
PRESTIGE WAREHOUSE,PRESTIGE WAREHOUSES
PRESTIGE WAREHOUSES,PRESTIGE WAREHOUSES
PRO CNC,PRO TECH CNC
PRO TECH CNC,PRO TECH CNC
PT MAPAL,PT MAPAL
PWR POWER PERFORMANCE PRODUCTS,PWR POWER PRODUCTS
PWR POWER PRODUCTS,PWR POWER PRODUCTS
PYROTEK,PYROTEK
PYROTEK USA,PYROTEK
QUALITY MACHINE PRODUCTS,QUALITY PRODUCTS AND MACHINE
QUALITY MOLD,QUALITY MOLD AND DIE
QUALITY MOLD AND DIE,QUALITY MOLD AND DIE
QUALITY PRODUCTS,QUALITY PRODUCTS AND MACHINE
QUALITY PRODUCTS AND MACHINE,QUALITY PRODUCTS AND MACHINE
QUALITY TOOL,QUALITY TOOL AND DIE
QUALITY TOOL AND DIE,QUALITY TOOL AND DIE
QUALITY TOOLS AND SERVICES,QUALITY TOOLS SERVICES
QUALITY TOOLS SERVICES,QUALITY TOOLS SERVICES
QUES INDUSTRIES,QUEST INDUSTRIES
QUEST INDUSTRIES,QUEST INDUSTRIES
R S HUGHES,R S HUGHES
R S HUGHES INTEGER,R S HUGHES
RAMBALDINI GINO,RAMBALDINI GINO C
RAMBALDINI GINO AND C,RAMBALDINI GINO C
RAMBALDINI GINO C,RAMBALDINI GINO C
RAPID PERFORATING,RAPID PERFORATING
RAPID PERFORATING EPPING,RAPID PERFORATING
REGAL REXNORD,REGAL REXNORD
REIFENHAUSER,REIFENHAUSER GROUP
REIFENHAUSER GROUP,REIFENHAUSER GROUP
RELIANCE WORLDWIDE,RELIANCE WORLDWIDE
RELIANCE WORLDWIDE CASTIN,RELIANCE WORLDWIDE
RENEWED METAL TECHNOLOGIES,RENEWED METAL TECHNOLOGIES
REOTEMP INSTRUMENT,REOTEMP INSTRUMENT
REOTEMP INSTRUMENTS,REOTEMP INSTRUMENT
REPUBLIC,REPUBLIC STEEL
REPUBLIC STEEL,REPUBLIC STEEL
REXNORD,REGAL REXNORD
REYNOLDS ENGINEERING AND EQUIPMENT,REYNOLDS ENGINEERING AND EQUIPMENT
REYNOLDS ENGINEERING EQUIPMENT,REYNOLDS ENGINEERING AND EQUIPMENT
RHEEM,RHEEM
RHEEM MFG,RHEEM
RING PRECISION COMPONENTS,PRECISION COMPONENTS INT
RIO GALINDO,RIO GALINDO
RIO GALINDO VERKOL,RIO GALINDO
RISK PREMIUM,RISK PREMIUM
RISK PREMIUM CHINA,RISK PREMIUM
RISK PREMIUM EMEA,RISK PREMIUM
RISK PREMIUM NA,RISK PREMIUM
RJC MANUFACTURING SERVICES,RJC MANUFACTURING SERVICES
ROBINSON,ROBINSON FIN
ROBINSON FIN,ROBINSON FIN
ROCKWELL AUTOMATION,ROCKWELL AUTOMATION
ROCKWELL AUTOMATION SSB,ROCKWELL AUTOMATION
ROLL SURFACE TECHNOLOGIES,ROLL SURFACE TECHNOLOGIES
ROLL SURFACE TECHNOLOGIES CAD,ROLL SURFACE TECHNOLOGIES
ROLL SURFACE TECHNOLOGIES USD,ROLL SURFACE TECHNOLOGIES
RONSON GEARS,RONSON GEARS
RONSON GEARS HIGHETT,RONSON GEARS
ROOFING SUPPLY GROUP,ROOFING SUPPLY GROUP
ROOFING SUPPLY GROUP PINELLAS,ROOFING SUPPLY GROUP
ROYAL CANADIAN MINT,THE ROYAL CANADIAN MINT
S AND J TUBE,S AND J TUBE
S AND R LINDENBERG PRODUKTIONS,S R LINDENBERG PRODUKTIONS
S J TUBE,S AND J TUBE
S R LINDENBERG PRODUKTIONS,S R LINDENBERG PRODUKTIONS
SAAB KOCKUMS,SAAB KOCKUMS
SAAB KOCKUMS AB,SAAB KOCKUMS
SANDE MACHINE,SANDEN MACHINE
SANDEN MACHINE,SANDEN MACHINE
SCHLUMBERGER,SCHLUMBERGER OILFIELD
SCHLUMBERGER OILFIELD,SCHLUMBERGER OILFIELD
SECO TOOLS,SECO TOOLS
SECO TOOLS AB,SECO TOOLS
SELDEN RIGGING,SELDEN RIGGING
SELDEN RIGGING AB,SELDEN RIGGING
SEMPERFLEX OPTIMIT,SEMPERFLEX OPTIMIT
SEMPERFLEX OPTIMIT SRO,SEMPERFLEX OPTIMIT
SFP TECHNOLOGY,SFP TECHNOLOGY SDN BHD
SFP TECHNOLOGY SDN BHD,SFP TECHNOLOGY SDN BHD
SFS INTEC,SFS INTEC
SHANGHAI TONGZHONG THERMAL TECHNOLOGY,SHANGHAI TONGZHONG THERMAL TECHNOLOGY
SHANGHAI TONGZHONG THERMAL TECHNOLOGY TAICANG BRANCH,SHANGHAI TONGZHONG THERMAL TECHNOLOGY
SHANGHAI UNITED ROLLING,SHANGHAI UNITED ROLLING
SHANGHAI UNITED ROLLING SHIP MW,SHANGHAI UNITED ROLLING
SHANGHAI YUANTUO,SHANGHAI YUANTUO
SHANGHAI YUANTUO EZHOU POWER,SHANGHAI YUANTUO
SHANGHAI YUANTUO GULF OIL,SHANGHAI YUANTUO
SHANGHAI YUANTUO WAIGAOQIAO,SHANGHAI YUANTUO
SHAPE,SHAPE
SHAPE CZ,SHAPE
SHELL OIL NORCO REFINERY,SHELL OIL NORCO REFINERY
SHELL OIL NORCO REFINERY US16 NRCO REF,SHELL OIL NORCO REFINERY
SHINE PRECISION,SHINE PRECISION INDUSTRIES
SHINE PRECISION INDUSTRIES,SHINE PRECISION INDUSTRIES
SIEPMANN WERKE,SIEPMANN WERKE
SIEPMANNWERKE,SIEPMANN WERKE
SIGMA ELECTRIC MANUFACTURING,SIGMA ELECTRIC MANUFACTURING
SIGMA ELECTRIC MANUFACTURING MWA,SIGMA ELECTRIC MANUFACTURING
SILVER SAIL CAPITAL 3P EQUITY PARTNERS,SILVER SAIL CAPITAL 3P EQUITY PARTNERS
SILVER SAIL CAPITAL AND 3P EQUITY PARTNERS,SILVER SAIL CAPITAL 3P EQUITY PARTNERS
SINGLE SOURCE TECHNOLOGIES,SINGLE SOURCE TECHNOLOGIES
SINGLE SOURCE TECNOLOGIES,SINGLE SOURCE TECHNOLOGIES
SINOPEC PETROLEUM ENGINEERING MACHINERY,SINOPEC PETROLEUM ENGINEERING MACHINERY
SINOPEC PETROLEUM MACHINERY,SINOPEC PETROLEUM ENGINEERING MACHINERY
SKIS ROSSIGNOL,SKIS ROSSIGNOL
SKIS ROSSIGNOL DE ESPANA,SKIS ROSSIGNOL
SOC BIBLICA,SOC BIBLICA
SOC BIBLICA CECI,SOC BIBLICA
SOFRENOR,SOFRENOR
SOFRENOR ICE,SOFRENOR
SOMASCHINI,SOMASCHINI LOI
SOMASCHINI LOI,SOMASCHINI LOI
SOUTHERN PAINT AND POWDER,SOUTHERN PAINT AND POWDER
SOUTHERN PAINT POWDER,SOUTHERN PAINT AND POWDER
SPACEX,SPACEX
SPACEX PO,SPACEX
SPECIALTEMPRA,SPECIALTEMPRA
SPECIALTEMPRA S N C,SPECIALTEMPRA
SPINDEX PRECISION ENGINEERING,SPINDEX PRECISION ENGINEERING
SPINDEX PRECISION ENGINEERING SHANGHAI,SPINDEX PRECISION ENGINEERING
SPRINGFIELD MANUFACTURING,SPRINGFIELD MANUFACTURING
SPRINGFIELD REMANUFACTURING,SPRINGFIELD MANUFACTURING
SPX FLOW,SPX FLOW
SPX FLOW MRO,SPX FLOW
SRK FINE TUNE ENGINEERING,SRK FINE TUNE ENGINEERING
SRK FINE TUNE ENGINEERING MWI,SRK FINE TUNE ENGINEERING
STABIL DRILL,STABIL DRILL
STABILL DRILL,STABIL DRILL
STARRAG,STARRAG GROUP
STARRAG GROUP,STARRAG GROUP
STARRETT,LS STARRETT
STD PRECISION GEAR,PRECISION GEARS
SUZHOU MINGQING MACHINERY ELECTRON,SUZHOU MINGQING MACHINERY ELECTRON
SUZHOU MINGQING MACHINERY ELECTRONICS,SUZHOU MINGQING MACHINERY ELECTRON
SWEDISH MATCH LIGHTERS,SWEDISH MATCH LIGHTERS B V
SWEDISH MATCH LIGHTERS B V,SWEDISH MATCH LIGHTERS B V
T T TOMORROW TECHNOLOGY,TT TOMORROW TECHNOLOGY
TAURUS STAMPING,TAURUS STAMPING
TAURUS STAMPINGS,TAURUS STAMPING
TE CONNECTIVITY,TE CONNECTIVITY
TE CONNECTIVIY,TE CONNECTIVITY
TECNO TEMPRANOVA LECCHESE,TTL TECNO TEMPRANOVA LECCHESE
TERMOANDES,TERMOANDES
TERMOANDES S A,TERMOANDES
THAI INDUCTION SERVICE,THAI INDUCTION SERVICE
THAI INDUCTIONS SERVICE,THAI INDUCTION SERVICE
THE AUTO BOLT,THE AUTO BOLT
THE MASTER PRODUCTS,THE MASTER PRODUCTS
THE ROYAL CANADIAN MINT,THE ROYAL CANADIAN MINT
TIMKEN,TIMKEN S A
TIMKEN S A,TIMKEN S A
TIPPMAN ARMS,TIPPMAN ARMS
TIPPMANN ARMS,TIPPMAN ARMS
TOOLEX FEMFELDOLGOZO,TOOLEX FEMFELDOLGOZO
TOOLEX FEMFELDOLGOZO KFT,TOOLEX FEMFELDOLGOZO
TOOLING TECHNOLOGIES,Tooling Tech Group
TORNERIA FERRAMOSCA,TORNERIA FERRAMOSCA
TORNERIA FERRAMOSCA SNC,TORNERIA FERRAMOSCA
TORNERIA MECCANICA DUCCI,TORNERIA MECCANICA DUCCI
TORNERIA MECCANICA DUCCI FLLI,TORNERIA MECCANICA DUCCI
TOWNLEY ENGINEERING AND MANUFACTURING,TOWNLEY ENGINEERING AND MANUFACTURING
TOWNLEY MANUFACTURING,TOWNLEY ENGINEERING AND MANUFACTURING
TRANTECH RADIATOR,TRANTECH RADIATOR PRODUCTS
TRANTECH RADIATOR PRODUCTS,TRANTECH RADIATOR PRODUCTS
TRATTAMENTI TERMICI,TRATTAMENTI TERMICI
TRATTAMENTI TERMICI MANTESSO,TRATTAMENTI TERMICI
TRICO MACHINE,TRICO MACHINE PRODUCTS
TRICO MACHINE PRODUCTS,TRICO MACHINE PRODUCTS
TRIMLINE,TRIMLINE DIE
TRIMLINE DIE,TRIMLINE DIE
TRU TONE FINISHING,TRU TONE FINISHING
TRU TONE FINISHING LEXINGTON,TRU TONE FINISHING
TT TOMORROW TECHNOLOGY,TT TOMORROW TECHNOLOGY
TTL TECNO TEMPRANOVA LECCHESE,TTL TECNO TEMPRANOVA LECCHESE
TWINVAC INDUSTRIES,TWINVAC INDUSTRIES
TWINVAC INDUSTRIES PTE,TWINVAC INDUSTRIES
U CHAIN SEMICONDUCTOR,U CHAIN SEMICONDUCTOR
U CHAIN SEMICONDUCTOR LTC,U CHAIN SEMICONDUCTOR
UNITURN,UNITURN
UNITURN KFT,UNITURN
VAC AERO INTERNATIONAL,VAC AERO INTERNATIONAL
VAC AERO INTERNATIONAL QUEBEC,VAC AERO INTERNATIONAL
VARLEY HYDRAULICS,VARLEY HYDRAULICS
VARLEY HYDRAULICS MWI,VARLEY HYDRAULICS
VENTURI,VENTURI
VENTURI HNOS,VENTURI
VICTOR INSULATOR,VICTOR INSULATORS
VICTOR INSULATORS,VICTOR INSULATORS
VILADOS EXPEDITIONS,VILADOS EXPEDITIONS
VILADOS EXPEDITIONS SL,VILADOS EXPEDITIONS
VSR INDUSTRIES,VSR INDUSTRIES
VSR INDUSTRIES BILLSHIP TO,VSR INDUSTRIES
WANXIANG,WANXIANG GROUP
WANXIANG GROUP,WANXIANG GROUP
WB MARVIN,WB MARVIN
WEATHERLY CASTING,WEATHERLY CASTING AND MACHINE
WEATHERLY CASTING AND MACHINE,WEATHERLY CASTING AND MACHINE
WESTERN INDUSTRIAL,WESTERN INDUSTRIAL MACHINING
WESTERN INDUSTRIAL MACHINING,WESTERN INDUSTRIAL MACHINING
WESTERN SQUARE,WESTERN SQUARE
WESTERN SQUARE IND,WESTERN SQUARE
WH BLAKELEY INDUSTRIAL,WH BLAKELEY INDUSTRIAL
WH BLAKELEY INDUSTRIAL CLAYTON NORTH,WH BLAKELEY INDUSTRIAL
WH BLAKELEY INDUSTRIAL KNIVES,WH BLAKELEY INDUSTRIAL
WHITTLE AND NEHER,WHITTLE AND NEHER SYSTEMS
WHITTLE AND NEHER SYSTEMS,WHITTLE AND NEHER SYSTEMS
WING YING INDUSTRIAL,WING YING INDUSTRIAL
WUXI TUOZHILAN,WUXI TUOZHILAN
WUXI TUOZHILAN PAINT,WUXI TUOZHILAN
XINQIANGLIAN,LUOYANG XINQIANGLIAN
YELLA TERRA,YELLA TERRA
YELLA TERRA BRAESIDE,YELLA TERRA
YING MING INDUSTRIAL,WING YING INDUSTRIAL
ZENKO SHOJI,ZENKO SHOJI
ZENKOH SHOJI,ZENKO SHOJI
